Ecosystem/Croptype,Geolocation,2016 Quarter 1,2016 Quarter 2,2016 Semester 1,2016 Quarter 3,2016 Quarter 4,2016 Semester 2,2016 Annual,2017 Quarter 1,2017 Quarter 2,2017 Semester 1,2017 Quarter 3,2017 Quarter 4,2017 Semester 2,2017 Annual,2018 Quarter 1,2018 Quarter 2,2018 Semester 1,2018 Quarter 3,2018 Quarter 4,2018 Semester 2,2018 Annual,2019 Quarter 1,2019 Quarter 2,2019 Semester 1,2019 Quarter 3,2019 Quarter 4,2019 Semester 2,2019 Annual,2020 Quarter 1,2020 Quarter 2,2020 Semester 1,2020 Quarter 3,2020 Quarter 4,2020 Semester 2,2020 Annual,2021 Quarter 1,2021 Quarter 2,2021 Semester 1,2021 Quarter 3,2021 Quarter 4,2021 Semester 2,2021 Annual,2022 Quarter 1,2022 Quarter 2,2022 Semester 1,2022 Quarter 3,2022 Quarter 4,2022 Semester 2,2022 Annual,2023 Quarter 1,2023 Quarter 2,2023 Semester 1,2023 Quarter 3,2023 Quarter 4,2023 Semester 2,2023 Annual,2024 Quarter 1,2024 Quarter 2,2024 Semester 1,2024 Quarter 3,2024 Quarter 4,2024 Semester 2,2024 Annual,2025 Quarter 1,2025 Quarter 2,2025 Semester 1,2025 Quarter 3,2025 Quarter 4,2025 Semester 2,2025 Annual,2026 Quarter 1,2026 Quarter 2,2026 Semester 1,2026 Quarter 3,2026 Quarter 4,2026 Semester 2,2026 Annual
Irrigated Palay,PHILIPPINES,762977.00,708427.45,1471404.45,492326.00,1217372.00,1709698.00,3181102.45,795525.00,755745.82,1551270.82,550199.00,1193616.00,1743815.00,3295085.82,824304.00,739046.00,1563350.00,530707.95,1192094.97,1722802.92,3286152.92,810756.41,737248.47,1548004.88,514520.30,1199960.55,1714480.86,3262485.74,756478.02,748812.55,1505290.57,569792.40,1178371.40,1748163.79,3253454.36,788378.94,756699.59,1545078.53,609401.48,1179742.07,1789143.55,3334222.08,793182.08,757643.35,1550825.43,620739.93,1169345.05,1790084.98,3340910.41,825052.82,764853.72,1589906.54,634665.42,1160765.00,1795430.43,3385336.97,822681.41,718433.00,1541114.41,581963.92,1161825.06,1743788.97,3284903.39,820394.07,777863.49,1598257.56,633121.12,1155524.78,1788645.90,3386903.46,773395.07,837543.69,1610938.75,..,..,..,..
Irrigated Palay,..CORDILLERA ADMINISTRATIVE REGION (CAR),12702.00,29785.00,42487.00,14378.00,31141.00,45519.00,88006.00,13618.00,30955.00,44573.00,14055.00,33577.00,47632.00,92205.00,13608.00,30729.00,44337.00,14868.00,31215.00,46083.00,90420.00,13187.00,31155.00,44342.00,15726.00,30244.00,45970.00,90312.00,8259.18,24944.36,33203.54,23108.61,24620.25,47728.85,80932.39,9010.00,27367.81,36377.81,15407.60,28762.00,44169.60,80547.41,7129.62,27324.81,34454.43,14452.90,30576.50,45029.40,79483.83,7156.38,27324.21,34480.59,13702.40,30520.98,44223.37,78703.96,7153.65,25570.00,32723.65,13126.54,28693.16,41819.69,74543.34,7384.78,24200.30,31585.08,12033.00,26994.20,39027.20,70612.28,7142.98,24409.15,31552.13,..,..,..,..
Irrigated Palay,....Abra,1706.00,3383.00,5089.00,681.00,9149.00,9830.00,14919.00,1706.00,3383.00,5089.00,681.00,9164.00,9845.00,14934.00,1746.00,2904.00,4650.00,680.00,9150.00,9830.00,14480.00,1746.00,2904.00,4650.00,681.00,9218.00,9899.00,14549.00,1746.00,2904.00,4650.00,8985.87,913.00,9898.87,14548.87,1851.00,2799.27,4650.27,2152.00,7747.00,9899.00,14549.27,1850.90,2799.00,4649.90,2152.00,7747.00,9899.00,14548.90,1851.00,2799.00,4650.00,2151.63,7747.00,9898.63,14548.63,1892.93,2799.00,4691.93,2152.00,7747.00,9899.00,14590.93,1893.00,2799.00,4692.00,2152.00,7747.00,9899.00,14591.00,1893.00,2799.00,4692.00,..,..,..,..
Irrigated Palay,....Apayao,1344.00,7869.00,9213.00,974.00,5781.00,6755.00,15968.00,1290.00,8370.00,9660.00,974.00,6243.00,7217.00,16877.00,1291.00,8370.00,9661.00,665.00,5607.00,6272.00,15933.00,1211.00,8450.00,9661.00,1618.00,6243.00,7861.00,17522.00,214.46,9447.00,9661.46,2241.00,5903.00,8144.00,17805.46,521.00,9140.00,9661.00,1618.00,5858.00,7476.00,17137.00,510.72,9150.00,9660.72,927.31,6522.00,7449.31,17110.03,552.38,9149.95,9702.33,835.00,6521.98,7356.98,17059.31,507.94,7598.00,8105.94,927.00,4574.00,5501.00,13606.94,529.00,6001.00,6530.00,902.00,3750.00,4652.00,11182.00,582.70,6210.15,6792.85,..,..,..,..
Irrigated Palay,....Benguet,1316.00,879.00,2195.00,1528.00,1553.00,3081.00,5276.00,1538.00,1101.00,2639.00,1556.00,1560.00,3116.00,5755.00,1621.00,1101.00,2722.00,1595.00,1560.00,3155.00,5877.00,1621.00,1101.00,2722.00,1621.00,1560.00,3181.00,5903.00,1621.00,1101.00,2722.00,1621.00,1560.00,3181.00,5903.00,1621.00,1101.00,2722.00,1621.00,1560.00,3181.00,5903.00,1621.00,1101.32,2722.32,1621.00,1560.00,3181.00,5903.32,1621.00,1101.00,2722.00,1615.18,1560.00,3175.18,5897.18,1621.00,1101.00,2722.00,1615.18,1560.18,3175.36,5897.36,1621.00,1101.00,2722.00,1615.00,1560.00,3175.00,5897.00,1621.00,1101.00,2722.00,..,..,..,..
Irrigated Palay,....Ifugao,3915.00,3125.00,7040.00,4586.00,4767.00,9353.00,16393.00,3910.00,3125.00,7035.00,4586.00,4767.00,9353.00,16388.00,3910.00,3125.00,7035.00,4586.00,4761.00,9347.00,16382.00,3910.00,3242.00,7152.00,4469.00,3961.00,8430.00,15582.00,3909.72,2560.36,6470.08,3127.74,5302.00,8429.74,14899.82,3910.00,2802.73,6712.73,2883.60,2640.00,5523.60,12236.33,2040.00,2749.00,4789.00,3732.60,2725.05,6457.65,11246.65,2040.00,2749.26,4789.26,3832.61,2725.00,6557.61,11346.87,2040.00,2749.00,4789.00,3160.44,2539.98,5700.41,10489.41,2230.00,2749.30,4979.30,2092.00,1677.20,3769.20,8748.50,1943.00,2749.00,4692.00,..,..,..,..
Irrigated Palay,....Kalinga,4342.00,13866.00,18208.00,3606.00,9430.00,13036.00,31244.00,5097.00,14288.00,19385.00,3280.00,11346.00,14626.00,34011.00,4970.00,14515.00,19485.00,4393.00,9637.00,14030.00,33515.00,4629.00,14822.00,19451.00,4393.00,8812.00,13205.00,32656.00,648.00,8296.00,8944.00,4184.00,10442.00,14626.00,23570.00,987.00,10849.81,11836.81,4184.00,10457.00,14641.00,26477.81,987.00,10850.49,11837.49,3072.00,11545.00,14617.00,26454.49,972.00,10850.00,11822.00,3072.00,11490.00,14562.00,26384.00,972.00,10648.00,11620.00,3123.00,11748.00,14871.00,26491.00,992.00,10875.00,11867.00,3123.00,11736.00,14859.00,26726.00,992.00,10875.00,11867.00,..,..,..,..
Irrigated Palay,....Mountain Province,79.00,663.00,742.00,3003.00,461.00,3464.00,4206.00,77.00,688.00,765.00,2978.00,497.00,3475.00,4240.00,70.00,714.00,784.00,2949.00,500.00,3449.00,4233.00,70.00,636.00,706.00,2944.00,450.00,3394.00,4100.00,120.00,636.00,756.00,2949.00,500.25,3449.25,4205.25,120.00,675.00,795.00,2949.00,500.00,3449.00,4244.00,120.00,675.00,795.00,2947.99,477.46,3425.44,4220.44,120.00,675.00,795.00,2195.98,477.00,2672.98,3467.98,119.78,675.00,794.78,2148.92,524.00,2672.92,3467.70,119.78,675.00,794.78,2149.00,524.00,2673.00,3467.78,111.28,675.00,786.28,..,..,..,..
Irrigated Palay,..REGION I (ILOCOS REGION),68156.00,31890.00,100046.00,26668.00,158958.00,185626.00,285672.00,68599.00,34273.00,102872.00,29737.00,152954.00,182691.00,285563.00,67149.00,33696.00,100845.00,31999.00,148667.39,180666.39,281511.39,68597.00,33227.68,101824.68,31937.00,149182.00,181119.00,282943.68,67586.00,34062.00,101648.00,32401.00,149567.00,181968.00,283616.00,66220.00,38644.00,104864.00,30301.00,149318.00,179619.00,284483.00,66582.24,36860.35,103442.59,32105.00,148111.76,180216.76,283659.35,65278.40,36755.00,102033.40,32470.67,151545.68,184016.35,286049.75,63616.71,36325.13,99941.84,32256.51,151186.00,183442.51,283384.35,65272.28,36021.00,101293.28,33491.86,151820.00,185311.86,286605.14,66476.83,38471.00,104947.83,..,..,..,..
Irrigated Palay,....Ilocos Norte,8862.00,4749.00,13611.00,7138.00,33585.00,40723.00,54334.00,9471.00,4406.00,13877.00,6814.00,34110.00,40924.00,54801.00,9003.00,5062.00,14065.00,8039.00,32475.00,40514.00,54579.00,9094.00,5080.00,14174.00,8723.00,31697.00,40420.00,54594.00,9154.00,5108.00,14262.00,8814.00,31777.00,40591.00,54853.00,7092.00,7172.00,14264.00,8673.00,31679.00,40352.00,54616.00,7425.00,6619.00,14044.00,9387.00,30884.00,40271.00,54315.00,7670.51,6882.00,14552.51,8855.00,31447.00,40302.00,54854.51,7395.00,6513.13,13908.13,8753.00,31878.00,40631.00,54539.13,7495.00,6681.00,14176.00,8998.00,31638.00,40636.00,54812.00,7520.00,8965.00,16485.00,..,..,..,..
Irrigated Palay,....Ilocos Sur,5175.00,431.00,5606.00,3935.00,18431.00,22366.00,27972.00,4790.00,840.00,5630.00,3839.00,20047.00,23886.00,29516.00,5075.00,1139.00,6214.00,4279.00,19869.00,24148.00,30362.00,5896.00,1287.68,7183.68,4742.00,19587.00,24329.00,31512.68,5254.00,1741.00,6995.00,5430.00,19951.00,25381.00,32376.00,5084.00,2450.00,7534.00,4758.00,19863.00,24621.00,32155.00,4553.00,1827.35,6380.35,5531.00,19320.00,24851.00,31231.35,4300.00,2009.00,6309.00,5193.00,19612.00,24805.00,31114.00,4169.00,1945.00,6114.00,4881.51,19923.00,24804.51,30918.51,5067.00,2052.00,7119.00,5202.00,19826.00,25028.00,32147.00,5102.00,2002.00,7104.00,..,..,..,..
Irrigated Palay,....La Union,5010.00,2220.00,7230.00,2410.00,14348.00,16758.00,23988.00,5564.00,2321.00,7885.00,2046.00,14531.00,16577.00,24462.00,5694.00,1783.00,7477.00,3052.00,13100.39,16152.39,23629.39,5187.00,2396.00,7583.00,2117.00,14379.00,16496.00,24079.00,6006.00,2167.00,8173.00,2437.00,14003.00,16440.00,24613.00,5629.00,2115.00,7744.00,2535.00,13940.00,16475.00,24219.00,5697.24,2226.00,7923.24,2852.00,13503.76,16355.76,24279.00,5799.89,2146.00,7945.89,2688.67,13654.68,16343.35,24289.25,5708.71,2186.00,7894.71,2920.00,13471.00,16391.00,24285.71,5735.28,2166.00,7901.28,2921.86,13499.00,16420.86,24322.14,5771.83,1997.00,7768.83,..,..,..,..
Irrigated Palay,....Pangasinan,49109.00,24490.00,73599.00,13185.00,92594.00,105779.00,179378.00,48774.00,26706.00,75480.00,17038.00,84266.00,101304.00,176784.00,47377.00,25712.00,73089.00,16629.00,83223.00,99852.00,172941.00,48420.00,24464.00,72884.00,16355.00,83519.00,99874.00,172758.00,47172.00,25046.00,72218.00,15720.00,83836.00,99556.00,171774.00,48415.00,26907.00,75322.00,14335.00,83836.00,98171.00,173493.00,48907.00,26188.00,75095.00,14335.00,84404.00,98739.00,173834.00,47508.00,25718.00,73226.00,15734.00,86832.00,102566.00,175792.00,46344.00,25681.00,72025.00,15702.00,85914.00,101616.00,173641.00,46975.00,25122.00,72097.00,16370.00,86857.00,103227.00,175324.00,48083.00,25507.00,73590.00,..,..,..,..
Irrigated Palay,..REGION II (CAGAYAN VALLEY),107416.00,159953.45,267369.45,56328.00,172834.00,229162.00,496531.45,109645.00,158203.00,267848.00,63535.00,182218.00,245753.00,513601.00,130958.00,134585.00,265543.00,40955.73,184384.00,225339.73,490882.73,118017.00,146732.00,264749.00,67602.00,188629.00,256231.00,520980.00,110896.00,157416.00,268312.00,69828.00,188265.00,258093.00,526405.00,112302.00,163894.00,276196.00,80304.00,187977.00,268281.00,544477.00,110076.00,170926.00,281002.00,87489.69,181440.75,268930.44,549932.44,116106.01,162591.40,278697.41,96912.00,178076.00,274988.00,553685.41,138162.84,138252.00,276414.84,91381.00,178678.37,270059.37,546474.21,114335.10,160725.70,275060.80,97685.96,168025.00,265710.96,540771.76,75579.00,209182.39,284761.39,..,..,..,..
Irrigated Palay,....Batanes,0.00,0.45,0.45,0.00,0.00,0.00,0.45,0.00,0.00,0.00,0.00,0.00,0.00,0.00,0.00,0.00,0.00,0.00,0.00,0.00,0.00,0.00,0.00,0.00,0.00,0.00,0.00,0.00,0.00,0.00,0.00,0.00,0.00,0.00,0.00,0.00,0.00,0.00,0.00,0.00,0.00,0.00,0.00,0.00,0.00,0.00,0.00,0.00,0.00,0.00,0.00,0.00,0.00,0.00,0.00,0.00,0.00,0.00,0.00,0.00,0.00,0.00,0.00,0.00,0.00,0.00,0.00,0.00,0.00,0.00,0.00,0.00,0.00,..,..,..,..
Irrigated Palay,....Cagayan,25525.00,68869.00,94394.00,12551.00,51622.00,64173.00,158567.00,25753.00,69303.00,95056.00,17982.00,63020.00,81002.00,176058.00,30335.00,65138.00,95473.00,9561.00,47547.00,57108.00,152581.00,25532.00,67770.00,93302.00,19921.00,59860.00,79781.00,173083.00,27461.00,66629.00,94090.00,27651.00,58082.00,85733.00,179823.00,29495.00,66571.00,96066.00,24280.00,67116.00,91396.00,187462.00,37780.00,63424.00,101204.00,27645.00,63800.00,91445.00,192649.00,37055.00,61148.00,98203.00,33097.00,63625.00,96722.00,194925.00,38290.00,57972.00,96262.00,30187.00,63034.00,93221.00,189483.00,26512.00,69220.00,95732.00,28193.00,61668.00,89861.00,185593.00,15707.00,83795.00,99502.00,..,..,..,..
Irrigated Palay,....Isabela,63424.00,70348.00,133772.00,28551.00,97121.00,125672.00,259444.00,63745.00,69616.00,133361.00,30322.00,94626.00,124948.00,258309.00,81115.00,52198.00,133313.00,17065.00,108531.00,125596.00,258909.00,74873.00,58940.00,133813.00,34172.00,99115.00,133287.00,267100.00,62950.00,72823.00,135773.00,28804.00,105383.00,134187.00,269960.00,60704.00,75076.00,135780.00,43721.00,91169.00,134890.00,270670.00,55847.00,80420.00,136267.00,48445.00,86789.00,135234.00,271501.00,64617.02,71570.00,136187.02,51047.00,83790.00,134837.00,271024.02,84086.84,52022.00,136108.84,50680.00,85629.37,136309.37,272418.21,73031.30,64323.30,137354.60,55632.00,81388.00,137020.00,274374.60,44647.00,97774.00,142421.00,..,..,..,..
Irrigated Palay,....Nueva Vizcaya,11727.00,17389.00,29116.00,13799.00,15615.00,29414.00,58530.00,15174.00,14091.00,29265.00,13345.00,16464.00,29809.00,59074.00,14203.00,12259.00,26462.00,13844.00,18709.00,32553.00,59015.00,14427.00,12360.00,26787.00,12627.00,19318.00,31945.00,58732.00,14906.00,12208.00,27114.00,12276.00,14576.00,26852.00,53966.00,17540.00,14683.00,32223.00,11233.00,18882.00,30115.00,62338.00,12449.00,19374.00,31823.00,10207.00,20363.25,30570.25,62393.25,9218.99,23334.00,32552.99,10313.00,21638.00,31951.00,64503.99,10081.00,22232.00,32313.00,8588.00,22013.00,30601.00,62914.00,10023.00,20321.00,30344.00,11269.00,17358.00,28627.00,58971.00,10111.00,20651.00,30762.00,..,..,..,..
Irrigated Palay,....Quirino,6740.00,3347.00,10087.00,1427.00,8476.00,9903.00,19990.00,4973.00,5193.00,10166.00,1886.00,8108.00,9994.00,20160.00,5305.00,4990.00,10295.00,485.73,9597.00,10082.73,20377.73,3185.00,7662.00,10847.00,882.00,10336.00,11218.00,22065.00,5579.00,5756.00,11335.00,1097.00,10224.00,11321.00,22656.00,4563.00,7564.00,12127.00,1070.00,10810.00,11880.00,24007.00,4000.00,7708.00,11708.00,1192.69,10488.50,11681.19,23389.19,5215.00,6539.40,11754.40,2455.00,9023.00,11478.00,23232.40,5705.00,6026.00,11731.00,1926.00,8002.00,9928.00,21659.00,4768.80,6861.40,11630.20,2591.96,7611.00,10202.96,21833.16,5114.00,6962.39,12076.39,..,..,..,..
Irrigated Palay,..REGION III (CENTRAL LUZON),136392.00,182092.00,318484.00,42319.00,276540.00,318859.00,637343.00,139535.00,181529.82,321064.82,57401.00,273366.00,330767.00,651831.82,136968.00,188320.00,325288.00,58707.00,279025.00,337732.00,663020.00,144559.76,187067.45,331627.21,66576.21,277868.00,344444.21,676071.42,139380.45,186755.15,326135.60,63286.38,270178.12,333464.50,659600.10,144479.27,184179.00,328658.27,73041.70,281659.52,354701.22,683359.49,151817.19,187298.70,339115.89,64899.62,271867.30,336766.92,675882.81,169323.00,184739.61,354062.61,73429.31,239169.55,312598.86,666661.47,152234.23,179251.04,331485.27,71456.25,246180.18,317636.43,649121.70,157003.45,180705.22,337708.67,74959.25,253163.36,328122.61,665831.28,155450.45,184788.30,340238.75,..,..,..,..
